section,ordinal,column_name,data_type,required,nullable,allowed_values_or_range,example,synthetic_generation_rule,command_centre_use,investigation_copilot_use,rawbank_public_basis,notes
A_Record_Time,1,transaction_id,STRING,YES,NO,TXN-[A-Z0-9]{10},TXN-SYN0000001,"Unique; never repeat. 2,400-2,600 rows = 2,400-2,600 transaction IDs.",Primary drill-down key; alert table; transaction counts.,Primary investigation anchor; exact lookup.,Workshop synthetic design; not a claim about Rawbank internal data.,
A_Record_Time,2,event_timestamp_local,DATETIME ISO-8601,YES,NO,YYYY-MM-DDTHH:MM:SS+02:00,2026-09-10T18:42:17+02:00,Generate over a 90-day window; preserve chronological customer histories.,"Time series, hour/day heatmaps.","Timeline reconstruction, velocity checks.",Workshop synthetic design; not a claim about Rawbank internal data.,
A_Record_Time,3,batch_id,STRING,YES,NO,BATCH-001 ... BATCH-013,BATCH-004,"If generating in 200-row batches, set one batch id per batch and preserve globally unique IDs.",Data quality / ingestion tracking.,Audit context only.,Workshop synthetic design; not a claim about Rawbank internal data.,
A_Record_Time,4,synthetic_record_version,STRING,YES,NO,v1,v1,Constant within one workshop dataset.,Dataset provenance.,Auditability / reproducibility.,Workshop synthetic design; not a claim about Rawbank internal data.,
A_Record_Time,5,data_quality_flag,ENUM,YES,NO,OK|OPTIONAL_NULL|EDGE_CASE,OK,97-99% OK; only optional fields may be null. Never null primary IDs or amounts.,Data-health KPI.,Helps Copilot distinguish missing evidence.,Workshop synthetic design; not a claim about Rawbank internal data.,
B_Customer,6,customer_id,STRING,YES,NO,CUS-[0-9]{5},CUS-00127,Create ~100-140 unique customers; reuse consistently across transactions.,"Customer drill-down, top-risk customers.","Customer history, cross-transaction investigation.",Workshop synthetic design; not a claim about Rawbank internal data.,
B_Customer,7,customer_name,STRING,YES,NO,Synthetic only,SYN Customer 0127,Generate clearly fictional names; never use known real Rawbank customers.,Human-readable tables.,Natural-language entity resolution; RapidFuzz matching.,Workshop synthetic design; not a claim about Rawbank internal data.,"For workshop safety, prefix or otherwise mark names as synthetic."
B_Customer,8,customer_type,ENUM,YES,NO,RETAIL|SME|CORPORATE,RETAIL,"Recommended synthetic mix: 70% Retail, 20% SME, 10% Corporate.",Segment KPIs.,Context for expected transaction behavior.,https://rawbank.com/en/blog/rawbanks-commitment-to-equality-recognized-through-the-distinction-awarded-to-its-chief-executive-officer/,
B_Customer,9,customer_segment,ENUM,YES,NO,ECO|PREMIUM|PRESTIGE|INFINITE|EMPLOYEE|ACADEMIA|DIASPORA|LADYS_FIRST|SME|CORPORATE,PREMIUM,"Assign coherently with customer_type, age, occupation/industry, card and digital products.",Segment-risk breakdown.,Behavioral baseline and false-positive reasoning.,https://rawbank.com/en/packages/,Segments/packages are based on publicly described Rawbank offerings; weights are synthetic.
B_Customer,10,age_band,ENUM,YES,NO,18_24|25_34|35_44|45_54|55_64|65_PLUS|N_A_CORPORATE,25_34,ACADEMIA should skew 18_24; Corporate = N_A_CORPORATE.,Demographic view if desired.,Context only; never treat age alone as fraud evidence.,https://rawbank.com/en/produits/pack-academia/,
B_Customer,11,occupation_industry,STRING,YES,NO,Retail examples: SALARIED|STUDENT|ENTREPRENEUR; Business examples: MINING|RETAIL_TRADE|LOGISTICS|TELECOM|SERVICES|CONSTRUCTION|AGRICULTURE|NGO,MINING,Generate from a controlled list; correlate business customers with higher values and payment complexity.,Industry/segment analysis.,Helps explain expected payment patterns.,Workshop synthetic design; not a claim about Rawbank internal data.,
B_Customer,12,resident_status,ENUM,YES,NO,DRC_RESIDENT|DIASPORA|FOREIGN_RESIDENT,DRC_RESIDENT,DIASPORA segment => DIASPORA. Most others DRC_RESIDENT.,Resident/segment filters.,Cross-border context.,https://rawbank.com/en/packages/,
B_Customer,13,home_country,ISO-2 STRING,YES,NO,CD or synthetic foreign residence,CD,Mostly CD; diaspora may use BE/FR/ZA/AE/KE etc.,Geographic context.,Home-vs-transaction location comparison.,Workshop synthetic design; not a claim about Rawbank internal data.,
B_Customer,14,home_province,STRING,YES,YES,KINSHASA|HAUT_KATANGA|LUALABA|NORTH_KIVU|SOUTH_KIVU|ITURI|KASAI_ORIENTAL|KASAI_CENTRAL|EQUATEUR|KONGO_CENTRAL|TSHOPO|KWILU|OTHER,KINSHASA,Use DRC administrative geography. Null only for synthetic diaspora/foreign residents.,Province heatmaps.,Geo anomaly baseline.,Workshop synthetic design; not a claim about Rawbank internal data.,
B_Customer,15,home_city,STRING,YES,YES,KINSHASA|LUBUMBASHI|KOLWEZI|GOMA|BUKAVU|BUNIA|MBUJI_MAYI|KANANGA|MBANDAKA|MATADI|KISANGANI|BUTEMBO|BENI|MAHAGI|LIKASI|KIKWIT|KASINDI|OTHER,KINSHASA,"Use realistic DRC city/province pairing. This is a transaction/customer location pool, not a Rawbank branch inventory.",City heatmaps.,Home-vs-event location comparison.,https://rawbank.com/en/la-banque/trouver-une-agence/,
B_Customer,16,relationship_tenure_days,INTEGER,YES,NO,1-7000,1460,Older premium/corporate customers generally longer-tenured; some newly onboarded customers allowed.,Tenure segmentation.,New-account risk context.,Workshop synthetic design; not a claim about Rawbank internal data.,
B_Customer,17,kyc_risk_band,ENUM,YES,NO,LOW|MEDIUM|HIGH,LOW,Synthetic profile-level risk independent of the current fraud alert.,Risk cohort filters.,Secondary context only; never sole fraud evidence.,Workshop synthetic design; not a claim about Rawbank internal data.,
B_Customer,18,pep_flag,BOOLEAN,YES,NO,TRUE|FALSE,FALSE,Rare synthetic flag (<2% recommended). Do not use real names.,Optional governance slice.,Context only; never automatically imply fraud.,Workshop synthetic design; not a claim about Rawbank internal data.,
B_Customer,19,monthly_inflow_usd_equiv,"DECIMAL(18,2)",YES,NO,"0-2,000,000",4200.00,Correlate to segment/type; corporate can be much higher.,Customer value/segment views.,Ability-to-pay / expected-value context.,Workshop synthetic design; not a claim about Rawbank internal data.,
C_Account_Product,20,account_id,STRING,YES,NO,ACC-[0-9]{7},ACC-0001274,"1-2 accounts per retail, more possible for SME/corporate. Reuse consistently.",Account drill-down.,Account-level transaction history.,Workshop synthetic design; not a claim about Rawbank internal data.,
C_Account_Product,21,account_type,ENUM,YES,NO,CURRENT|SAVINGS|WALLET|CORPORATE_CURRENT,CURRENT,WALLET commonly paired with ILLICOCASH; CORPORATE_CURRENT with corporate channels.,Product/channel analysis.,Expected behavior context.,https://rawbank.com/en/corporate/services-en-ligne/rawbank-online/,
C_Account_Product,22,account_currency,ENUM,YES,NO,CDF|USD|EUR,USD,Primary workshop currencies: CDF/USD/EUR. Keep consistent with product/account.,Currency mix.,Exact monetary context.,https://rawbank.com/en/corporate/services-en-ligne/rawbank-online/,
C_Account_Product,23,account_status,ENUM,YES,NO,ACTIVE|DORMANT|RESTRICTED,ACTIVE,Mostly ACTIVE; dormant/restricted rare and purposeful.,Account-status slices.,Risk context.,Workshop synthetic design; not a claim about Rawbank internal data.,
C_Account_Product,24,product_package,ENUM,YES,NO,ECO|PREMIUM|PRESTIGE|INFINITE|EMPLOYEE|ACADEMIA|DIASPORA|LADYS_FIRST|SME_STANDARD|CORPORATE_STANDARD,ECO,Correlate with customer_segment and card_product.,Package-level usage.,Behavior/context.,https://rawbank.com/en/packages/,
C_Account_Product,25,card_product,ENUM,YES,YES,NONE|VISA_CDF|VISA_USD_CLASSIC|VISA_USD_GOLD|VISA_USD_PLATINUM|VISA_USD_INFINITE|VISA_ACADEMIA|VISA_LADYS_FIRST|MASTERCARD|MASTERCARD_WORLD_ELITE|UPI_CNY|PREPAID_VIRTUAL,VISA_USD_CLASSIC,Assign based on package/customer; null/none for customers without cards.,Card/product analytics.,Card-specific investigation context.,https://rawbank.com/en/cartes/,
C_Account_Product,26,card_status,ENUM,YES,YES,NONE|ACTIVE|BLOCKED|TEMP_BLOCKED|EXPIRED,ACTIVE,NONE if no card. Mostly ACTIVE.,Card status KPI.,Explains declined/blocked card activity.,https://rawbank.com/en/corporate/services-en-ligne/rawbank-online/,
C_Account_Product,27,illicocash_enabled,BOOLEAN,YES,NO,TRUE|FALSE,TRUE,Higher probability for retail/Academia/Eco/Employee; can coexist with RBO.,Digital adoption.,Whether Illicocash activity is plausible.,https://test.rawbank.com/en/banque-a-distance/illicocash/,
C_Account_Product,28,rawbank_online_enabled,BOOLEAN,YES,NO,TRUE|FALSE,TRUE,"High probability for retail, SME and corporate customers.",Digital adoption.,Whether RBO activity is plausible.,https://rawbank.com/en/corporate/services-en-ligne/rawbank-online/,
C_Account_Product,29,alert_banking_enabled,BOOLEAN,YES,NO,TRUE|FALSE,TRUE,Common for premium/corporate; synthetic distribution.,Service adoption.,Can support 'customer should have received alert' reasoning.,https://rawbank.com/en/banque-a-distance/alert-banking/,
C_Account_Product,30,available_balance_before_usd,"DECIMAL(18,2)",YES,NO,>=0,12640.00,Generate coherent with account type/segment and transaction direction.,Balance/exposure analytics.,Insufficient-funds and plausibility context.,Workshop synthetic design; not a claim about Rawbank internal data.,
C_Account_Product,31,available_balance_after_usd,"DECIMAL(18,2)",YES,NO,>=0,11710.00,Must reconcile with before balance and debit/credit (approx. after FX/fees if modeled).,Balance/exposure analytics.,Post-event impact.,Workshop synthetic design; not a claim about Rawbank internal data.,
D_Transaction,32,transaction_type,ENUM,YES,NO,ACCOUNT_TRANSFER|WALLET_TRANSFER|CARD_PURCHASE|ATM_WITHDRAWAL|ATM_DEPOSIT|CASH_DEPOSIT|CASH_WITHDRAWAL|BILL_PAYMENT|AIRTIME_PURCHASE|TV_PAYMENT|VISA_DIRECT_TRANSFER|INTERNATIONAL_TRANSFER|MASS_PAYMENT|SUPPLIER_PAYMENT|SALARY_PAYMENT|CASH_ADVANCE|MONEY_REQUEST|SEND_CASH|CARDLESS_WITHDRAWAL,ACCOUNT_TRANSFER,Choose consistently with channel_action and payment_rail.,Transaction mix.,Core intent/context.,https://test.rawbank.com/en/banque-a-distance/illicocash/,
D_Transaction,33,direction,ENUM,YES,NO,DEBIT|CREDIT,DEBIT,From perspective of the primary customer's account.,Debit/credit split.,Direction of funds movement.,Workshop synthetic design; not a claim about Rawbank internal data.,
D_Transaction,34,amount,"DECIMAL(18,2)",YES,NO,>0,930.00,Generate in original currency; use segment/channel-specific distributions.,Volume/value KPIs.,Exact evidence.,Workshop synthetic design; not a claim about Rawbank internal data.,
D_Transaction,35,currency,ENUM,YES,NO,CDF|USD|EUR|CNY,USD,Normally follow account/channel constraints; CNY only where synthetic UPI scenario is used.,Currency views.,Exact evidence.,https://rawbank.com/en/cartes/,
D_Transaction,36,fx_rate_to_usd,"DECIMAL(18,8)",YES,NO,>0,1.00000000,1.0 for USD; synthetic daily FX values for CDF/EUR/CNY. Use one rate table per date.,Standardized values.,Explain USD-equivalent calculations.,Workshop synthetic design; not a claim about Rawbank internal data.,
D_Transaction,37,amount_usd_equiv,"DECIMAL(18,2)",YES,NO,>0,930.00,amount * fx_rate_to_usd; deterministic.,Cross-currency KPIs.,Behavior baselines and thresholds.,Workshop synthetic design; not a claim about Rawbank internal data.,
D_Transaction,38,channel,ENUM,YES,NO,ILLICOCASH|RAWBANK_ONLINE|CARD|ATM|BRANCH|AGENT_BANKING|VISA_DIRECT|SIOP|SWIFT_LIGHT,ILLICOCASH,Use a deliberately diverse synthetic mix so every major public Rawbank digital/corporate channel appears.,Primary channel dashboard.,Channel-specific investigation.,https://rawbank.com/en/banque-a-distance/,
D_Transaction,39,channel_action,ENUM,YES,NO,ILLICO_TO_ILLICO|ILLICO_TO_RAWBANK|RAWBANK_TO_ILLICO|SEND_CASH|MONEY_REQUEST|AIRTIME|PAY_TV|ILLICO_INTL_TRANSFER|CARDLESS_ATM_WITHDRAWAL|RBO_ACCOUNT_TRANSFER|RBO_LOCAL_TRANSFER|RBO_INTL_TRANSFER|RBO_BILL_PAY|RBO_MASS_TRANSFER|RBO_CARD_MANAGEMENT|VISA_POS|VISA_ECOM|VISA_CONTACTLESS|ATM_WITHDRAWAL|ATM_DEPOSIT|BRANCH_DEPOSIT|BRANCH_WITHDRAWAL|AGENT_DEPOSIT|AGENT_WITHDRAWAL|VISA_DIRECT_SEND|VISA_DIRECT_RECEIVE|SIOP_SUPPLIER_PAYMENT|SIOP_SALARY_PAYMENT|SIOP_STANDING_ORDER|SWIFT_TRANSFER|SWIFT_MULTI_TRANSFER,ILLICO_TO_RAWBANK,Derive from the selected public Rawbank channel and transaction type.,Detailed service analytics.,Crucial nuance for channel-specific investigations.,https://test.rawbank.com/en/banque-a-distance/illicocash/,
D_Transaction,40,payment_rail,ENUM,YES,NO,RAWBANK_INTERNAL|ILLICOCASH|VISA|MULTIPAY|SWIFT|LOCAL_INTERBANK|CASH|AGENT_NETWORK,RAWBANK_INTERNAL,Derive from channel/action.,Rail-level analysis.,Explains routing/cross-border context.,https://rawbank.com/en/blog/rawbank-renews-its-strategic-partnership-with-visa-for-five-years-to-accelerate-the-digitization-of-payments-in-the-drc/,
D_Transaction,41,transaction_status,ENUM,YES,NO,COMPLETED|PENDING|DECLINED|REVERSED|HELD,COMPLETED,Most normal txns completed; suspicious cases may be held/declined/reversed.,Operational KPI.,Disposition/event context.,Workshop synthetic design; not a claim about Rawbank internal data.,
D_Transaction,42,failure_reason,STRING,NO,YES,INSUFFICIENT_FUNDS|AUTH_FAILED|LIMIT_EXCEEDED|BENEFICIARY_BLOCKED|DEVICE_CHALLENGE|MANUAL_HOLD|NONE,NONE,Populate only for non-completed status or edge cases.,Decline analysis.,Explains failed attempts.,Workshop synthetic design; not a claim about Rawbank internal data.,
D_Transaction,43,is_cross_border,BOOLEAN,YES,NO,TRUE|FALSE,FALSE,TRUE for international transfers and some international card usage.,Cross-border exposure.,Geo/context.,https://rawbank.com/en/corporate/services-en-ligne/rawbank-online/,
D_Transaction,44,origin_country,ISO-2 STRING,YES,NO,CD or synthetic foreign country,CD,Mostly CD; diaspora/card/international events may originate elsewhere.,Origin geography.,Origin-vs-home analysis.,Workshop synthetic design; not a claim about Rawbank internal data.,
D_Transaction,45,destination_country,ISO-2 STRING,YES,YES,CD|BE|FR|ZA|AE|KE|CN|GB|US|OTHER,CD,CD for domestic; foreign for cross-border.,Destination geography.,Cross-border hypothesis.,Workshop synthetic design; not a claim about Rawbank internal data.,
D_Transaction,46,destination_city,STRING,NO,YES,Synthetic city label,KINSHASA,Populate where meaningful.,Destination heatmap.,Geo reasoning.,Workshop synthetic design; not a claim about Rawbank internal data.,
D_Transaction,47,narration,STRING,YES,NO,Short synthetic payment memo,SYN supplier payment INV-24091,Generate sanitized synthetic narrative; no PII; may contain merchant/payment purpose.,Search/table display.,Natural-language context; injection tests can be seeded in a controlled subset.,Workshop synthetic design; not a claim about Rawbank internal data.,
D_Transaction,48,recurring_or_scheduled_flag,BOOLEAN,YES,NO,TRUE|FALSE,FALSE,"Use for standing orders, recurring bills, salary/supplier routines.",Recurring vs ad-hoc.,Helps reduce false positives when behavior is expected.,https://rawbank.com/en/corporate/services-en-ligne/rawbank-online/,
D_Transaction,49,corporate_payment_flag,BOOLEAN,YES,NO,TRUE|FALSE,FALSE,TRUE for SIOP/Swift Light/mass supplier/payroll cases.,Corporate payment slice.,Activates maker-checker/approval context.,https://rawbank.com/en/corporate/produits/siop/,
E_Counterparty_Touchpoint,50,beneficiary_id,STRING,NO,YES,BEN-[0-9]{5}|NONE,BEN-00342,Create ~150-220 unique beneficiaries; intentionally reuse a subset across multiple unrelated customers for mule-like scenarios.,Top beneficiaries/network views.,Entity-network investigation.,Workshop synthetic design; not a claim about Rawbank internal data.,
E_Counterparty_Touchpoint,51,beneficiary_name,STRING,NO,YES,Synthetic only,SYN Beneficiary 0342,Clearly synthetic. Reuse exactly for same beneficiary_id.,Readable tables.,Natural-language entity matching.,Workshop synthetic design; not a claim about Rawbank internal data.,
E_Counterparty_Touchpoint,52,beneficiary_type,ENUM,NO,YES,RAWBANK_CUSTOMER|OTHER_BANK|MOBILE_WALLET|MERCHANT|CASH_RECIPIENT|CARD_RECIPIENT|NONE,OTHER_BANK,Derive from transaction/channel.,Counterparty breakdown.,Counterparty context.,Workshop synthetic design; not a claim about Rawbank internal data.,
E_Counterparty_Touchpoint,53,beneficiary_relationship,ENUM,NO,YES,SELF|FAMILY|SUPPLIER|EMPLOYEE|MERCHANT|KNOWN_PERSON|UNKNOWN|NONE,SUPPLIER,Assign coherently to customer type and transaction purpose.,Relationship views.,False-positive / novelty reasoning.,Workshop synthetic design; not a claim about Rawbank internal data.,
E_Counterparty_Touchpoint,54,beneficiary_age_days,INTEGER,NO,YES,>=0,8,Days since beneficiary was first registered/seen by this customer. New-beneficiary scenarios use 0-2 days.,New-beneficiary KPI.,Core ATO/new-beneficiary evidence.,Workshop synthetic design; not a claim about Rawbank internal data.,
E_Counterparty_Touchpoint,55,beneficiary_prior_txn_count,INTEGER,NO,YES,>=0,0,Count prior to current event for this customer-beneficiary pair.,Novel vs established beneficiary.,Counterparty familiarity.,Workshop synthetic design; not a claim about Rawbank internal data.,
E_Counterparty_Touchpoint,56,beneficiary_distinct_sender_count_30d,INTEGER,NO,YES,>=0,1,Derive from all rows; mule-like synthetic scenarios should create spikes.,Network-risk leaderboard.,Cross-customer beneficiary linkage.,Workshop synthetic design; not a claim about Rawbank internal data.,
E_Counterparty_Touchpoint,57,merchant_id,STRING,NO,YES,MER-[0-9]{5}|NONE,MER-00044,Populate for card/bill/airtime/TV transactions.,Merchant risk view.,Merchant-level investigation.,Workshop synthetic design; not a claim about Rawbank internal data.,
E_Counterparty_Touchpoint,58,merchant_name,STRING,NO,YES,Synthetic merchant,SYN Merchant 0044,Synthetic only; can use generic sector labels.,Readable merchant tables.,Natural-language merchant lookup.,Workshop synthetic design; not a claim about Rawbank internal data.,
E_Counterparty_Touchpoint,59,merchant_category,ENUM,NO,YES,GROCERY|FUEL|TELECOM|UTILITIES|EDUCATION|TRAVEL|HOSPITALITY|ECOMMERCE|MINING_SUPPLY|LOGISTICS|RETAIL|HEALTHCARE|ENTERTAINMENT|OTHER|NONE,TELECOM,"Use channel/purpose-consistent categories; airtime -> TELECOM, Pay TV -> ENTERTAINMENT.",Category analytics.,Merchant-context reasoning.,Workshop synthetic design; not a claim about Rawbank internal data.,
E_Counterparty_Touchpoint,60,card_entry_mode,ENUM,NO,YES,NONE|CHIP|CONTACTLESS|ECOM|MANUAL|ATM,ECOM,Populate for card transactions only.,Card-present vs CNP views.,Card fraud nuance.,https://rawbank.com/en/cartes/carte-visa-usd/,
E_Counterparty_Touchpoint,61,touchpoint_id,STRING,NO,YES,ATM-*|BR-*|AG-*|POS-*|NONE,ATM-SYN-014,Synthetic endpoint ID. Reuse to support concentration analysis.,Top ATM/agent/POS locations.,Endpoint linkage.,Workshop synthetic design; not a claim about Rawbank internal data.,
E_Counterparty_Touchpoint,62,touchpoint_type,ENUM,NO,YES,NONE|RAWBANK_ATM|OTHER_ATM|POS|BRANCH|AGENT,RAWBANK_ATM,Derive from channel/action.,Endpoint mix.,Channel context.,https://rawbank.com/en/services/,
E_Counterparty_Touchpoint,63,txn_province,STRING,YES,YES,KINSHASA|HAUT_KATANGA|LUALABA|NORTH_KIVU|SOUTH_KIVU|ITURI|KASAI_ORIENTAL|KASAI_CENTRAL|EQUATEUR|KONGO_CENTRAL|TSHOPO|KWILU|OTHER|FOREIGN,KINSHASA,"Geocode the event, not necessarily a branch. FOREIGN for international activity.",Fraud map.,Geo anomaly evidence.,Workshop synthetic design; not a claim about Rawbank internal data.,
E_Counterparty_Touchpoint,64,txn_city,STRING,YES,YES,Same city pool + FOREIGN_CITY,KINSHASA,Maintain city/province consistency.,City heatmap.,Geo/time-line evidence.,Workshop synthetic design; not a claim about Rawbank internal data.,
F_Device_Auth,65,session_id,STRING,NO,YES,SES-[A-Z0-9]{10}|NONE,SES-SYN00034,Populate for digital/card sessions where applicable.,Session drill-down.,Link multiple events to same session.,Workshop synthetic design; not a claim about Rawbank internal data.,
F_Device_Auth,66,device_id,STRING,NO,YES,DEV-[0-9]{5}|NONE,DEV-00189,Create ~120-170 devices. Deliberately share a small subset across unrelated accounts for risk scenarios.,Risky/shared-device view.,Cross-account linkage.,Workshop synthetic design; not a claim about Rawbank internal data.,
F_Device_Auth,67,device_type,ENUM,NO,YES,NONE|ANDROID|IOS|WINDOWS|MACOS|WEB_BROWSER|POS_TERMINAL|ATM_TERMINAL,ANDROID,Derive from channel.,Device distribution.,Device context.,Workshop synthetic design; not a claim about Rawbank internal data.,
F_Device_Auth,68,device_os,STRING,NO,YES,Synthetic OS/version family,Android 15,"Optional; keep coarse, not fingerprint-like.",Optional device analytics.,Context only.,Workshop synthetic design; not a claim about Rawbank internal data.,
F_Device_Auth,69,device_trusted_flag,BOOLEAN,NO,YES,TRUE|FALSE,FALSE,Normal recurring digital activity mostly TRUE; ATO/new-device cases FALSE.,Trusted/untrusted share.,Core ATO evidence.,Workshop synthetic design; not a claim about Rawbank internal data.,
F_Device_Auth,70,device_first_seen_days,INTEGER,NO,YES,>=0,0,0 for first-seen; high for established device.,New-device alerts.,Core novelty evidence.,Workshop synthetic design; not a claim about Rawbank internal data.,
F_Device_Auth,71,device_accounts_seen_30d,INTEGER,NO,YES,>=0,1,Derived across dataset; shared-device fraud scenarios >1.,Shared-device leaderboard.,Network/link analysis.,Workshop synthetic design; not a claim about Rawbank internal data.,
F_Device_Auth,72,ip_country,ISO-2 STRING,NO,YES,CD|BE|FR|ZA|AE|KE|CN|GB|US|OTHER|NONE,CD,Mostly CD for domestic digital sessions; anomalies can differ.,IP geography.,Location mismatch evidence.,Workshop synthetic design; not a claim about Rawbank internal data.,
F_Device_Auth,73,ip_city,STRING,NO,YES,Synthetic city,KINSHASA,Use plausible city matching country; not precise coordinates.,IP city heatmap.,Location mismatch.,Workshop synthetic design; not a claim about Rawbank internal data.,
F_Device_Auth,74,ip_risk_score,INTEGER,NO,YES,0-100,12,Synthetic risk signal; do not derive solely from country.,High-risk IP KPI.,Secondary evidence.,Workshop synthetic design; not a claim about Rawbank internal data.,
F_Device_Auth,75,vpn_proxy_flag,BOOLEAN,NO,YES,TRUE|FALSE,FALSE,Rare; more frequent in seeded ATO/cross-border anomalies.,VPN/proxy view.,Secondary evidence.,Workshop synthetic design; not a claim about Rawbank internal data.,
F_Device_Auth,76,login_failures_30m,INTEGER,NO,YES,0-10,3,Normal mostly 0; ATO/credential attack scenarios 2-6.,Auth-failure KPI.,Core pre-transaction evidence.,Workshop synthetic design; not a claim about Rawbank internal data.,
F_Device_Auth,77,password_reset_hours_ago,"DECIMAL(10,2)",NO,YES,>=0 or NULL,1.50,Null if no recent reset; suspicious scenarios can be <24.,Recent-reset analysis.,Credential-change evidence.,Workshop synthetic design; not a claim about Rawbank internal data.,
F_Device_Auth,78,sim_swap_days_ago,INTEGER,NO,YES,>=0 or NULL,2,Synthetic mobile risk signal; null if unknown/no recent change.,SIM-change analysis.,Secondary mobile-ATO evidence.,Workshop synthetic design; not a claim about Rawbank internal data.,
F_Device_Auth,79,auth_method,ENUM,NO,YES,NONE|PIN|PASSWORD|OTP|BIOMETRIC|MULTI_LEVEL_APPROVAL,PIN,ILLICOCASH commonly PIN in synthetic model; corporate can use multi-level approval abstraction.,Auth method mix.,Authentication context.,https://test.rawbank.com/en/banque-a-distance/illicocash/,
F_Device_Auth,80,auth_success_flag,BOOLEAN,NO,YES,TRUE|FALSE,TRUE,Current transaction/session auth result.,Auth failure rate.,Evidence.,Workshop synthetic design; not a claim about Rawbank internal data.,
F_Device_Auth,81,approvals_required,INTEGER,NO,YES,0-3,2,0 for normal retail. Corporate/RBO/SIOP/Swift scenarios can require 1-3 approvals.,Corporate control monitoring.,Maker-checker anomaly context.,https://rawbank.com/en/corporate/services-en-ligne/rawbank-online/,
F_Device_Auth,82,approvals_completed,INTEGER,NO,YES,0-3,2,Must not exceed approvals_required. Suspicious corporate case may be incomplete/mismatched.,Approval exception KPI.,Corporate investigation evidence.,https://rawbank.com/en/corporate/services-en-ligne/rawbank-online/,
G_Behavior,83,customer_median_txn_usd_90d,"DECIMAL(18,2)",YES,NO,>=0,145.00,"Compute from prior synthetic history for the customer, excluding current row.",Baseline comparisons.,Primary unusual-amount evidence.,Workshop synthetic design; not a claim about Rawbank internal data.,
G_Behavior,84,customer_avg_txn_usd_30d,"DECIMAL(18,2)",YES,NO,>=0,183.50,Compute from prior 30d history.,Baseline comparisons.,Behavior explanation.,Workshop synthetic design; not a claim about Rawbank internal data.,
G_Behavior,85,amount_to_median_ratio,"DECIMAL(12,4)",YES,NO,>=0,6.4138,"amount_usd_equiv / max(customer_median_txn_usd_90d, small floor).",Unusual-value KPI.,Explain deviation numerically.,Workshop synthetic design; not a claim about Rawbank internal data.,
G_Behavior,86,txn_count_10m,INTEGER,YES,NO,>=0,4,Count including current transaction in prior rolling 10m window.,Velocity indicators.,Velocity evidence.,Workshop synthetic design; not a claim about Rawbank internal data.,
G_Behavior,87,txn_count_1h,INTEGER,YES,NO,>=0,7,Rolling one-hour count.,Velocity indicators.,Velocity evidence.,Workshop synthetic design; not a claim about Rawbank internal data.,
G_Behavior,88,outbound_amount_1h_usd,"DECIMAL(18,2)",YES,NO,>=0,4820.00,Rolling outbound USD-equivalent in one hour.,Exposure/velocity KPI.,Burst activity evidence.,Workshop synthetic design; not a claim about Rawbank internal data.,
G_Behavior,89,minutes_since_prev_txn,"DECIMAL(12,2)",NO,YES,>=0,4.20,Null only for first event for a customer.,Velocity drill-down.,Timeline evidence.,Workshop synthetic design; not a claim about Rawbank internal data.,
G_Behavior,90,previous_txn_city,STRING,NO,YES,City pool|NONE,LUBUMBASHI,Prior chronological transaction city for same customer.,Geo transition view.,Impossible-travel analysis.,Workshop synthetic design; not a claim about Rawbank internal data.,
G_Behavior,91,geo_distance_from_home_km,"DECIMAL(12,2)",NO,YES,>=0,1570.00,Approximate synthetic distance; exact geospatial accuracy not required.,Distance-risk view.,Geo novelty context.,Workshop synthetic design; not a claim about Rawbank internal data.,
G_Behavior,92,impossible_travel_flag,BOOLEAN,YES,NO,TRUE|FALSE,TRUE,TRUE only when time/distance pair is intentionally impossible or highly implausible.,Geo alert count.,Core evidence.,Workshop synthetic design; not a claim about Rawbank internal data.,
G_Behavior,93,unusual_time_flag,BOOLEAN,YES,NO,TRUE|FALSE,FALSE,Compare event hour with customer's generated normal activity window.,Off-hours activity.,Behavior context.,Workshop synthetic design; not a claim about Rawbank internal data.,
G_Behavior,94,behavioral_deviation_score,INTEGER,YES,NO,0-100,82,"Synthetic composite from amount, velocity, geo, device, beneficiary and auth deviations. Keep independent of ground truth.",Risk trend KPI.,"Summary signal; Copilot should explain underlying evidence, not repeat score.",Workshop synthetic design; not a claim about Rawbank internal data.,
G_Behavior,95,new_beneficiary_flag,BOOLEAN,YES,NO,TRUE|FALSE,TRUE,TRUE when beneficiary_age_days <= configured workshop threshold (e.g. 1 day).,New-beneficiary alerts.,Core evidence.,Workshop synthetic design; not a claim about Rawbank internal data.,
G_Behavior,96,new_device_flag,BOOLEAN,YES,NO,TRUE|FALSE,TRUE,TRUE when device_first_seen_days == 0 or below configured threshold.,New-device alerts.,Core evidence.,Workshop synthetic design; not a claim about Rawbank internal data.,
H_Alert_Case,97,alert_generated_flag,BOOLEAN,YES,NO,TRUE|FALSE,TRUE,Generate using the workshop fraud rules; target approx. 14-18% alert rate including benign anomalies.,Alert count/rate.,Determines whether investigation queue exists.,Workshop synthetic design; not a claim about Rawbank internal data.,
H_Alert_Case,98,alert_id,STRING,NO,YES,ALT-[0-9]{7}|NONE,ALT-0000412,"Unique when alert_generated_flag=TRUE, else null.",Alert table key.,Alert lookup.,Workshop synthetic design; not a claim about Rawbank internal data.,
H_Alert_Case,99,alert_score,INTEGER,NO,YES,0-100,91,Deterministic weighted rule score; null when no alert if desired.,Severity distribution.,Prioritization context.,Workshop synthetic design; not a claim about Rawbank internal data.,
H_Alert_Case,100,alert_severity,ENUM,NO,YES,LOW|MEDIUM|HIGH|CRITICAL|NONE,CRITICAL,Map score bands using the workshop rule configuration.,Severity KPIs.,Prioritization context.,Workshop synthetic design; not a claim about Rawbank internal data.,
H_Alert_Case,101,alert_primary_pattern,ENUM,NO,YES,NONE|ACCOUNT_TAKEOVER|NEW_BENEFICIARY_HIGH_VALUE|VELOCITY_BURST|IMPOSSIBLE_TRAVEL|SHARED_DEVICE|MULE_BENEFICIARY|CARD_NOT_PRESENT|CREDENTIAL_RESET_ABUSE|CORPORATE_APPROVAL_ANOMALY|CROSS_BORDER_ANOMALY|OTHER,ACCOUNT_TAKEOVER,"This is the rule engine's suspected pattern, not ground truth.",Pattern distribution.,Starting hypothesis only.,Workshop synthetic design; not a claim about Rawbank internal data.,Do not use this as the evaluation truth label.
H_Alert_Case,102,alert_reason_codes,STRING LIST,NO,YES,Pipe-delimited rule IDs e.g. FR-001|FR-004|FR-009,FR-001|FR-003|FR-006,Populate from rules triggered by visible features.,Reason-code breakdown.,Maps evidence to policy/rules.,Workshop synthetic design; not a claim about Rawbank internal data.,
H_Alert_Case,103,potential_exposure_usd,"DECIMAL(18,2)",NO,YES,>=0,930.00,Normally the at-risk amount for alerted debit; may be 0 for blocked/failed attempts.,Potential exposure KPI.,Impact context.,Workshop synthetic design; not a claim about Rawbank internal data.,
H_Alert_Case,104,case_id,STRING,NO,YES,CASE-[0-9]{6}|NONE,CASE-000178,Create for alerts escalated into investigation cases; not every alert needs a case.,Case queue.,Case-level conversation context.,Workshop synthetic design; not a claim about Rawbank internal data.,
H_Alert_Case,105,case_status,ENUM,NO,YES,NONE|NEW|IN_REVIEW|ESCALATED|CLOSED,IN_REVIEW,Initial workshop state can have mix; keep some open for live investigation.,Work queue.,Operational context.,Workshop synthetic design; not a claim about Rawbank internal data.,
H_Alert_Case,106,analyst_queue,ENUM,NO,YES,NONE|TIER_1_FRAUD|TIER_2_FRAUD|CARD_FRAUD|DIGITAL_FRAUD|CORPORATE_FRAUD,DIGITAL_FRAUD,Assign from alert pattern/channel.,Queue workload.,Escalation context.,Workshop synthetic design; not a claim about Rawbank internal data.,
H_Alert_Case,107,human_disposition,ENUM,NO,YES,UNREVIEWED|LEGITIMATE|SUSPICIOUS|CONFIRMED_FRAUD|INSUFFICIENT_EVIDENCE,UNREVIEWED,Most open cases should be UNREVIEWED at workshop start. Do not use as hidden truth.,Disposition metrics.,Human-in-the-loop outcome.,Workshop synthetic design; not a claim about Rawbank internal data.,
H_Alert_Case,108,disposition_reason,STRING,NO,YES,Free-text synthetic analyst note|NONE,NONE,Usually blank/none for open cases; populate a subset of historical closed cases.,Closed-case analysis.,Historical evidence only.,Workshop synthetic design; not a claim about Rawbank internal data.,
H_Alert_Case,109,escalation_required_flag,BOOLEAN,YES,NO,TRUE|FALSE,TRUE,Deterministic from severity/pattern/controls.,Escalation KPI.,Case workflow.,Workshop synthetic design; not a claim about Rawbank internal data.,
H_Alert_Case,110,escalation_tier,ENUM,NO,YES,NONE|TIER_1|TIER_2|MANAGER|SECURITY|COMPLIANCE,TIER_2,Assign from workshop policy and severity.,Escalation breakdown.,Operational next-step context.,Workshop synthetic design; not a claim about Rawbank internal data.,
