field,allowed_value,description
customer_type,RETAIL,Synthetic customer type; Rawbank publicly serves retail/SME/corporate segments.
customer_type,SME,Synthetic customer type; Rawbank publicly serves retail/SME/corporate segments.
customer_type,CORPORATE,Synthetic customer type; Rawbank publicly serves retail/SME/corporate segments.
customer_segment,ECO,
customer_segment,PREMIUM,
customer_segment,PRESTIGE,
customer_segment,INFINITE,
customer_segment,EMPLOYEE,
customer_segment,ACADEMIA,
customer_segment,DIASPORA,
customer_segment,LADYS_FIRST,
customer_segment,SME,
customer_segment,CORPORATE,
account_currency,CDF,"RawbankOnline publicly references CDF, USD and EUR accounts."
account_currency,USD,"RawbankOnline publicly references CDF, USD and EUR accounts."
account_currency,EUR,"RawbankOnline publicly references CDF, USD and EUR accounts."
channel,ILLICOCASH,
channel,RAWBANK_ONLINE,
channel,CARD,
channel,ATM,
channel,BRANCH,
channel,AGENT_BANKING,
channel,VISA_DIRECT,
channel,SIOP,
channel,SWIFT_LIGHT,
payment_rail,RAWBANK_INTERNAL,
payment_rail,ILLICOCASH,
payment_rail,VISA,
payment_rail,MULTIPAY,
payment_rail,SWIFT,
payment_rail,LOCAL_INTERBANK,
payment_rail,CASH,
payment_rail,AGENT_NETWORK,
alert_primary_pattern,NONE,
alert_primary_pattern,ACCOUNT_TAKEOVER,
alert_primary_pattern,NEW_BENEFICIARY_HIGH_VALUE,
alert_primary_pattern,VELOCITY_BURST,
alert_primary_pattern,IMPOSSIBLE_TRAVEL,
alert_primary_pattern,SHARED_DEVICE,
alert_primary_pattern,MULE_BENEFICIARY,
alert_primary_pattern,CARD_NOT_PRESENT,
alert_primary_pattern,CREDENTIAL_RESET_ABUSE,
alert_primary_pattern,CORPORATE_APPROVAL_ANOMALY,
alert_primary_pattern,CROSS_BORDER_ANOMALY,
alert_primary_pattern,OTHER,
alert_severity,NONE,
alert_severity,LOW,
alert_severity,MEDIUM,
alert_severity,HIGH,
alert_severity,CRITICAL,
human_disposition,UNREVIEWED,
human_disposition,LEGITIMATE,
human_disposition,SUSPICIOUS,
human_disposition,CONFIRMED_FRAUD,
human_disposition,INSUFFICIENT_EVIDENCE,
analyst_queue,NONE,
analyst_queue,TIER_1_FRAUD,
analyst_queue,TIER_2_FRAUD,
analyst_queue,CARD_FRAUD,
analyst_queue,DIGITAL_FRAUD,
analyst_queue,CORPORATE_FRAUD,
transaction_status,COMPLETED,
transaction_status,PENDING,
transaction_status,DECLINED,
transaction_status,REVERSED,
transaction_status,HELD,
auth_method,NONE,
auth_method,PIN,
auth_method,PASSWORD,
auth_method,OTP,
auth_method,BIOMETRIC,
auth_method,MULTI_LEVEL_APPROVAL,
card_entry_mode,NONE,
card_entry_mode,CHIP,
card_entry_mode,CONTACTLESS,
card_entry_mode,ECOM,
card_entry_mode,MANUAL,
card_entry_mode,ATM,
